{"identifier": "ENSG00000215704.json", "data": "{\"model\": {\"alphabet\": {\"motifset\": [\"T\", \"C\", \"A\", \"G\"], \"gap\": \"-\", \"moltype\": \"dna\", \"type\": \"cogent3.core.alphabet.CharAlphabet\", \"version\": \"2024.5.7a1\"}, \"motif_probs\": null, \"optimise_motif_probs\": false, \"equal_motif_probs\": false, \"motif_probs_from_data\": null, \"motif_probs_alignment\": null, \"mprob_model\": null, \"model_gaps\": false, \"recode_gaps\": true, \"motif_length\": 1, \"name\": \"TN93\", \"motifs\": null, \"with_rate\": false, \"ordered_param\": null, \"distribution\": null, \"partitioned_params\": null, \"kw\": {}, \"predicates\": [\"kappa_y\", \"kappa_r\"], \"scales\": null, \"type\": \"cogent3.evolve.substitution_model.TimeReversibleNucleotide\", \"version\": \"2024.5.7a1\"}, \"tree\": {\"newick\": \"(pongo_abelii-ENSPPYG00000001845,(gorilla_gorilla-ENSGGOG00000036765,(((pan_paniscus-ENSPPAG00000041434,pan_troglodytes-ENSPTRG00000049760)edge.0,homo_sapiens-ENSG00000215704)edge.1,nomascus_leucogenys-ENSNLEG00000007611)edge.2)edge.3,(((cercocebus_atys-ENSCATG00000030356,(papio_anubis-ENSPANG00000015026,macaca_nemestrina-ENSMNEG00000035015)edge.4)edge.5,macaca_mulatta-ENSMMUG00000031821)edge.6,chlorocebus_sabaeus-ENSCSAG00000000832)edge.7)\", \"edge_attributes\": {\"pongo_abelii-ENSPPYG00000001845\": {\"length\": 0.009672511852289487}, \"gorilla_gorilla-ENSGGOG00000036765\": {\"length\": 0.019307756168570195}, \"pan_paniscus-ENSPPAG00000041434\": {\"length\": 0.004631426377382163}, \"pan_troglodytes-ENSPTRG00000049760\": {\"length\": 0.00474201638980118}, \"edge.0\": {\"length\": 0.004811971208856405}, \"homo_sapiens-ENSG00000215704\": {\"length\": 0.004811563847771137}, \"edge.1\": {\"length\": 0.00534274729850503}, \"nomascus_leucogenys-ENSNLEG00000007611\": {\"length\": 0.034701329177676446}, \"edge.2\": {\"length\": 0.004743656798040693}, \"edge.3\": {\"length\": 0.01477843698711378}, \"cercocebus_atys-ENSCATG00000030356\": {\"length\": 1.4909085767703391e-12}, \"papio_anubis-ENSPANG00000015026\": {\"length\": 0.004657386240432027}, \"macaca_nemestrina-ENSMNEG00000035015\": {\"length\": 0.004667721008322179}, \"edge.4\": {\"length\": 0.004544511607850482}, \"edge.5\": {\"length\": 0.009540048519633441}, \"macaca_mulatta-ENSMMUG00000031821\": {\"length\": 0.03348214203680161}, \"edge.6\": {\"length\": 0.01672842465430806}, \"chlorocebus_sabaeus-ENSCSAG00000000832\": {\"length\": 0.01236091636948239}, \"edge.7\": {\"length\": 0.04487523082739658}, \"root\": {\"length\": null}}, \"type\": \"cogent3.core.tree.PhyloNode\", \"version\": \"2024.5.7a1\"}, \"alignment\": {\"seqs\": {\"homo_sapiens-ENSG00000215704\": {\"name\": \"homo_sapiens-ENSG00000215704\", \"seq\": {\"type\": \"cogent3.core.sequence.SeqView\", \"version\": \"2024.5.7a1\", \"init_args\": {\"seq\": \"GTGCGGGCTGGTACCTTGCCTCGTTGTGGTATAAGGCCCGCGGCCGGCCCTCGGCCCCAGCGACCCGCGGTCCCCCCCGCCCGGGCGTCCCTAGCCGGCCTCTGTGGCGCGCCCGCCAGCCTCGCAGTCCCCCCCGCGGCCCTTCCCTACCCCCCCCGCGAGCCTGGGCTGATCCGGGGTCCCCCGGCTTCCCCCGCCCCGGCCCCCCGCTGGTAT\", \"seqid\": \"homo_sapiens-ENSG00000215704\", \"step\": 1, \"offset\": 0}}, \"moltype\": \"dna\", \"info\": null, \"type\": \"cogent3.core.sequence.DnaSequence\", \"version\": \"2024.5.7a1\", \"annotation_offset\": 0}, \"pan_paniscus-ENSPPAG00000041434\": {\"name\": \"pan_paniscus-ENSPPAG00000041434\", \"seq\": {\"type\": \"cogent3.core.sequence.SeqView\", \"version\": \"2024.5.7a1\", \"init_args\": {\"seq\": \"GTGCGGGCTGGTACCTTGCCTCGTTGTGGTATAAGGCCCGCGGCCGGCCCTCGGCCCCAGCGACCCGCGGTCCCCCCCGCCCGGGCGTCCTTAGCCGGCCTCTGTGGCGCGCCCGCCAGCCGCGCAGTCCCCCCCGCGGCCCTTCCCTACCCCCCCCGCGAGCCTGGGCTGATCCGGGGTCCCCCGGCTCCCCCCGCCCCGGCCCCCCGCTGGTAT\", \"seqid\": \"pan_paniscus-ENSPPAG00000041434\", \"step\": 1, \"offset\": 0}}, \"moltype\": \"dna\", \"info\": null, \"type\": \"cogent3.core.sequence.DnaSequence\", \"version\": \"2024.5.7a1\", \"annotation_offset\": 0}, \"pan_troglodytes-ENSPTRG00000049760\": {\"name\": \"pan_troglodytes-ENSPTRG00000049760\", \"seq\": {\"type\": \"cogent3.core.sequence.SeqView\", \"version\": \"2024.5.7a1\", \"init_args\": {\"seq\": \"GTGCGGGCTGGTACCTTGCCTCGTTGTGGTATAAGGCCCGCGGCCGGCCCTCGGCCCCAGCGACCCGCGGTCCCCCCTGCCCGGGCGTCCTTAGCCGGCCTCTGTGGCGCGCCCGCCAGCCTCGCAGTCCCCCCCGCGGCCCTTCCCTACCCCCCCCGCGAGCCTGGGCTGATCCGGGGTCCCCCGGCTCCCCCCGCCCCGGCCCCCCGCTGGTAT\", \"seqid\": \"pan_troglodytes-ENSPTRG00000049760\", \"step\": 1, \"offset\": 0}}, \"moltype\": \"dna\", \"info\": null, \"type\": \"cogent3.core.sequence.DnaSequence\", \"version\": \"2024.5.7a1\", \"annotation_offset\": 0}, \"gorilla_gorilla-ENSGGOG00000036765\": {\"name\": \"gorilla_gorilla-ENSGGOG00000036765\", \"seq\": {\"type\": \"cogent3.core.sequence.SeqView\", \"version\": \"2024.5.7a1\", \"init_args\": {\"seq\": \"GTGCGGGCTGGTACCTTGCCTCGTTGTGGTATAAGGCCCGCGGCCGGCCCTCGGCCCCAGCGACCCGCGGTCCCCCCCGCCCGGGCGCCCCTAGCCGGCCTGTGTGGCGCGCCCGCCAGCCTCGCAGTCCCCCCCGCGGCCCTTTCCTACCCCCCCCGCGAGCCTGAGCTGATTCGGGGTCCCCCGGCTCCCCCCGCCCCAGCCCCCCGCTGGTAT\", \"seqid\": \"gorilla_gorilla-ENSGGOG00000036765\", \"step\": 1, \"offset\": 0}}, \"moltype\": \"dna\", \"info\": null, \"type\": \"cogent3.core.sequence.DnaSequence\", \"version\": \"2024.5.7a1\", \"annotation_offset\": 0}, \"macaca_nemestrina-ENSMNEG00000035015\": {\"name\": \"macaca_nemestrina-ENSMNEG00000035015\", \"seq\": {\"type\": \"cogent3.core.sequence.SeqView\", \"version\": \"2024.5.7a1\", \"init_args\": {\"seq\": \"GTGCGGGCTGGTACCTTGCCTCATTGTGGTTTAAGGCCCGCGGCCGGTCCTCGGCCCTAGCGACCCGCGGCCCCCCCCGCCCGGGAGCCCCTAGCCGGCCTCTGTGGCGCGCCCGCCAGTTTCGCAGTCCCCCCCGCGGCCCTTTCCTACCGCCCCCGCGATCCCGGGCTGATCCGGGGTCCCCCGCCTCCCCCCGCCCCAGCCCTTCGCTGGTAT\", \"seqid\": \"macaca_nemestrina-ENSMNEG00000035015\", \"step\": 1, \"offset\": 0}}, \"moltype\": \"dna\", \"info\": null, \"type\": \"cogent3.core.sequence.DnaSequence\", \"version\": \"2024.5.7a1\", \"annotation_offset\": 0}, \"papio_anubis-ENSPANG00000015026\": {\"name\": \"papio_anubis-ENSPANG00000015026\", \"seq\": {\"type\": \"cogent3.core.sequence.SeqView\", \"version\": \"2024.5.7a1\", \"init_args\": {\"seq\": \"GTGCGGGCTGGTACCTTGCCTCGTTGTGGTTTAAGGCCCGCGGCCGGTCCTCGGCCCTAGCGACCCGCGGCCCCCCCCGCCCGGGAGCCCCTAGCCGGCCTCTGTGGCGCGCCCGCCAGTTTCGCAGTCCCCCCCGCGGCCCTTTCCTACCGCCCCCTCGATCCCGGGCTGATCCGGGGTCCCCCGCCTCCCCCCGCCCCAGCCCTTCGCTGGTAT\", \"seqid\": \"papio_anubis-ENSPANG00000015026\", \"step\": 1, \"offset\": 0}}, \"moltype\": \"dna\", \"info\": null, \"type\": \"cogent3.core.sequence.DnaSequence\", \"version\": \"2024.5.7a1\", \"annotation_offset\": 0}, \"cercocebus_atys-ENSCATG00000030356\": {\"name\": \"cercocebus_atys-ENSCATG00000030356\", \"seq\": {\"type\": \"cogent3.core.sequence.SeqView\", \"version\": \"2024.5.7a1\", \"init_args\": {\"seq\": \"GTGCGGGCTGGTACCTTGCCTCGTTGTGGTTTAAGGCCCGCGGCCGGTCCTCGGCCCTAGCGACCCGCGGCCCCCCCCGCCCGGGAGCCCCTAGCCGGCCTCTGTGGCGCGCCCGCCAGCTTCGCAGTCCCCCCCGCGGCCCTTTCCTACCGCCCCCGCGATCCCGGGCTGATCCGGGGTCCCCCGCCTCCCCCCGCCCCAGCCCTTCGCTGGTAT\", \"seqid\": \"cercocebus_atys-ENSCATG00000030356\", \"step\": 1, \"offset\": 0}}, \"moltype\": \"dna\", \"info\": null, \"type\": \"cogent3.core.sequence.DnaSequence\", \"version\": \"2024.5.7a1\", \"annotation_offset\": 0}, \"macaca_mulatta-ENSMMUG00000031821\": {\"name\": \"macaca_mulatta-ENSMMUG00000031821\", \"seq\": {\"type\": \"cogent3.core.sequence.SeqView\", \"version\": \"2024.5.7a1\", \"init_args\": {\"seq\": \"GTGCGGGCTGGTACCTTGCCTCATTGTGGTTTAAGGCCCGCGGCCGGTCCTCGGCCCTAGCGACCCGCGGCCCCCCCCGCCCGGGAGCCCCTAGCCGGCCTCTGTGGCGCGCCCGCCAGCCTCGCAGTCCCCCCCGCGGCCCTTCCCTACCCCCCCCGCGATCCCGGGCTGATCCGGGGTCCCCCGCCTCTCCCCGCCCCAGCCCTTCGCTGAACA\", \"seqid\": \"macaca_mulatta-ENSMMUG00000031821\", \"step\": 1, \"offset\": 0}}, \"moltype\": \"dna\", \"info\": null, \"type\": \"cogent3.core.sequence.DnaSequence\", \"version\": \"2024.5.7a1\", \"annotation_offset\": 0}, \"chlorocebus_sabaeus-ENSCSAG00000000832\": {\"name\": \"chlorocebus_sabaeus-ENSCSAG00000000832\", \"seq\": {\"type\": \"cogent3.core.sequence.SeqView\", \"version\": \"2024.5.7a1\", \"init_args\": {\"seq\": 