{
    "Length 2000, Time 0.5": {
        "avg_ns_per_site": 0.393195,
        "ns_per_site_list": [
            0.413,
            0.3865,
            0.3975,
            0.3905,
            0.397,
            0.399,
            0.398,
            0.3925,
            0.3965,
            0.409,
            0.405,
            0.3765,
            0.388,
            0.3845,
            0.4245,
            0.391,
            0.384,
            0.4095,
            0.4005,
            0.3965,
            0.3935,
            0.403,
            0.391,
            0.3935,
            0.412,
            0.3855,
            0.3895,
            0.393,
            0.3875,
            0.3735,
            0.394,
            0.4185,
            0.3935,
            0.377,
            0.39,
            0.3635,
            0.4055,
            0.3895,
            0.3925,
            0.4045,
            0.3835,
            0.387,
            0.387,
            0.3985,
            0.3985,
            0.387,
            0.393,
            0.3865,
            0.3785,
            0.3865,
            0.3935,
            0.385,
            0.394,
            0.39,
            0.3875,
            0.3795,
            0.406,
            0.4075,
            0.395,
            0.391,
            0.385,
            0.408,
            0.382,
            0.3865,
            0.3715,
            0.4055,
            0.382,
            0.3895,
            0.383,
            0.387,
            0.4005,
            0.4005,
            0.383,
            0.386,
            0.3975,
            0.4285,
            0.4005,
            0.4005,
            0.3885,
            0.4085,
            0.394,
            0.386,
            0.396,
            0.39,
            0.402,
            0.38,
            0.413,
            0.377,
            0.393,
            0.382,
            0.3965,
            0.3815,
            0.3925,
            0.404,
            0.404,
            0.3995,
            0.405,
            0.3775,
            0.3875,
            0.3795
        ]
    },
    "Length 2000, Time 1": {
        "avg_ns_per_site": 0.657965,
        "ns_per_site_list": [
            0.6525,
            0.6685,
            0.6435,
            0.639,
            0.644,
            0.658,
            0.65,
            0.648,
            0.6705,
            0.667,
            0.64,
            0.667,
            0.6635,
            0.6525,
            0.667,
            0.645,
            0.6665,
            0.6695,
            0.6505,
            0.658,
            0.6485,
            0.643,
            0.6555,
            0.666,
            0.634,
            0.6545,
            0.6765,
            0.641,
            0.6585,
            0.6565,
            0.672,
            0.619,
            0.6805,
            0.6505,
            0.6675,
            0.6805,
            0.651,
            0.644,
            0.6385,
            0.674,
            0.671,
            0.65,
            0.662,
            0.659,
            0.656,
            0.658,
            0.6715,
            0.67,
            0.666,
            0.6665,
            0.67,
            0.6615,
            0.6665,
            0.662,
            0.6615,
            0.65,
            0.656,
            0.643,
            0.6685,
            0.674,
            0.679,
            0.66,
            0.629,
            0.6565,
            0.661,
            0.6495,
            0.651,
            0.6575,
            0.645,
            0.675,
            0.6335,
            0.667,
            0.6625,
            0.6425,
            0.6435,
            0.6555,
            0.651,
            0.635,
            0.647,
            0.6695,
            0.664,
            0.6395,
            0.6675,
            0.678,
            0.6545,
            0.657,
            0.654,
            0.661,
            0.644,
            0.673,
            0.6685,
            0.6735,
            0.668,
            0.663,
            0.676,
            0.6775,
            0.6565,
            0.666,
            0.6455,
            0.664
        ]
    },
    "Length 2000, Time 2": {
        "avg_ns_per_site": 1.0161900000000001,
        "ns_per_site_list": [
            1.0055,
            1.0195,
            1.022,
            1.022,
            0.9905,
            1.001,
            1.0145,
            1.011,
            0.9965,
            1.008,
            0.985,
            0.9865,
            1.0135,
            1.026,
            1.02,
            1.0245,
            1.019,
            1.0145,
            1.073,
            1.001,
            0.994,
            1.001,
            0.9905,
            1.0075,
            1.007,
            1.031,
            0.9975,
            1.0185,
            1.0095,
            1.0435,
            1.062,
            1.0405,
            1.047,
            1.015,
            1.027,
            1.017,
            1.033,
            1.0235,
            1.0165,
            1.013,
            1.021,
            1.0135,
            0.984,
            1.0455,
            1.0165,
            1.029,
            1.0215,
            1.017,
            1.0415,
            1.0205,
            1.0395,
            0.9965,
            1.0005,
            0.9895,
            0.999,
            1.0015,
            0.991,
            0.9875,
            1.034,
            1.028,
            0.9955,
            1.034,
            1.007,
            1.007,
            1.024,
            1.0365,
            1.017,
            1.014,
            0.9955,
            1.0205,
            1.005,
            1.036,
            0.994,
            1.0535,
            1.0055,
            1.009,
            1.015,
            1.0145,
            1.0015,
            1.01,
            0.992,
            1.037,
            1.0155,
            1.003,
            1.024,
            1.027,
            1.018,
            1.0185,
            1.0205,
            1.012,
            0.999,
            1.019,
            1.018,
            1.033,
            1.0235,
            1.0245,
            1.0375,
            1.019,
            1.0375,
            1.0205
        ]
    },
    "Length 2000, Time 3": {
        "avg_ns_per_site": 1.281595,