{
    "Length 3000, Time 0.5": {
        "avg_ns_per_site": 0.3994533333333333,
        "ns_per_site_list": [
            0.3993333333333333,
            0.4086666666666667,
            0.41533333333333333,
            0.4,
            0.41333333333333333,
            0.409,
            0.4086666666666667,
            0.38366666666666666,
            0.3883333333333333,
            0.39566666666666667,
            0.387,
            0.407,
            0.39466666666666667,
            0.416,
            0.391,
            0.4043333333333333,
            0.4013333333333333,
            0.4023333333333333,
            0.3923333333333333,
            0.4033333333333333,
            0.39566666666666667,
            0.39266666666666666,
            0.39666666666666667,
            0.385,
            0.4103333333333333,
            0.3953333333333333,
            0.39866666666666667,
            0.401,
            0.398,
            0.407,
            0.3993333333333333,
            0.403,
            0.395,
            0.39766666666666667,
            0.40166666666666667,
            0.39366666666666666,
            0.3953333333333333,
            0.4023333333333333,
            0.4076666666666667,
            0.4046666666666667,
            0.37733333333333335,
            0.4,
            0.401,
            0.3993333333333333,
            0.39366666666666666,
            0.4086666666666667,
            0.3873333333333333,
            0.38866666666666666,
            0.4083333333333333,
            0.4063333333333333
        ]
    },
    "Length 3000, Time 1": {
        "avg_ns_per_site": 0.6667,
        "ns_per_site_list": [
            0.671,
            0.6636666666666666,
            0.673,
            0.6733333333333333,
            0.678,
            0.6546666666666666,
            0.673,
            0.665,
            0.6606666666666666,
            0.6656666666666666,
            0.6643333333333333,
            0.6503333333333333,
            0.6996666666666667,
            0.6716666666666666,
            0.666,
            0.6696666666666666,
            0.6743333333333333,
            0.669,
            0.67,
            0.6666666666666666,
            0.6653333333333333,
            0.659,
            0.665,
            0.67,
            0.668,
            0.6693333333333333,
            0.6526666666666666,
            0.6743333333333333,
            0.6713333333333333,
            0.6466666666666666,
            0.6426666666666667,
            0.655,
            0.664,
            0.667,
            0.6713333333333333,
            0.6713333333333333,
            0.6853333333333333,
            0.6696666666666666,
            0.663,
            0.6723333333333333,
            0.6693333333333333,
            0.6643333333333333,
            0.665,
            0.6693333333333333,
            0.66,
            0.6713333333333333,
            0.685,
            0.669,
            0.648,
            0.6506666666666666
        ]
    },
    "Length 3000, Time 2": {
        "avg_ns_per_site": 1.0293333333333334,
        "ns_per_site_list": [
            1.025,
            1.0273333333333334,
            1.0423333333333333,
            0.9936666666666667,
            1.014,
            1.0296666666666667,
            1.0316666666666667,
            1.0186666666666666,
            1.0476666666666667,
            1.024,
            1.0443333333333333,
            1.037,
            1.015,
            1.0323333333333333,
            1.029,
            1.0206666666666666,
            1.0186666666666666,
            1.0333333333333334,
            1.0373333333333334,
            1.0443333333333333,
            1.0323333333333333,
            1.027,
            1.02,
            1.0643333333333334,
            1.016,
            1.0353333333333334,
            1.0173333333333334,
            1.0406666666666666,
            1.0336666666666667,
            1.0266666666666666,
            1.0316666666666667,
            1.0293333333333334,
            1.0306666666666666,
            1.031,
            1.03,
            1.0273333333333334,
            1.0216666666666667,
            1.047,
            1.0376666666666667,
            1.0156666666666667,
            1.036,
            1.0256666666666667,
            1.023,
            1.017,
            1.0066666666666666,
            1.0496666666666667,
            1.046,
            1.0073333333333334,
            1.027,
            1.047
        ]
    },
    "Length 3000, Time 3": {
        "avg_ns_per_site": 1.3035066666666666,
        "ns_per_site_list": [
            1.302,
            1.317,
            1.3266666666666667,
            1.2916666666666667,
            1.299,
            1.3236666666666668,
            1.3003333333333333,
            1.2846666666666666,
            1.2863333333333333,
            1.2953333333333332,
            1.2853333333333334,
            1.2946666666666666,
            1.3383333333333334,
            1.304,
            1.2833333333333334,
            1.2903333333333333,
            1.2933333333333332,
            1.3256666666666668,
            1.3236666666666668,
            1.302,
            1.2946666666666666,
            1.3136666666666668,
            1.2833333333333334,
            1.3153333333333332,
            1.2956666666666667,
            1.3093333333333332,
            1.2946666666666666,
            1.288,
            1.3036666666666668,
            1.323,
            1.338,
            1.3256666666666668,
            1.3213333333333332,
            1.3026666666666666,
            1.3176666666666668,
            1.2936666666666667,
            1.2873333333333334,
            1.268,
            1.3016666666666667,
            1.301,
            1.2866666666666666,
            1.2836666666666667,
            1.3156666666666668,
            1.292,
            1.293,
            1.2793333333333334,
            1.3316666666666668,
            1.342,
            1.319,
            1.2866666666666666
        ]
    },
    "Length 3000, Time 4": {
        "avg_ns_per_site": 1.5345133333333334,
        "ns_per_site_list": [
            1.5603333333333333,
            1.5136666666666667,
            1.5383333333333333,
            1.5513333333333332,
            1.545,
            1.5403333333333333,
            1.5436666666666667,
            1.5436666666666667,
            1.527,
            1.5103333333333333,
            1.5086666666666666,
            1.5456666666666667,
            1.5203333333333333,
            1.5213333333333334,
            1.5473333333333332,
            1.4926666666666666,
            1.5143333333333333,
            1.5243333333333333,
            1.5456666666666667,
            1.5196666666666667,
            1.5696666666666668,
            1.557,
            1.5696666666666668,
            1.5546666666666666,
            1.5366666666666666,
            1.5236666666666667,
            1.5286666666666666,
            1.5436666666666667,
            1.534,
            1.5533333333333332,
            1.5296666666666667,
            1.5226666666666666,
            1.5533333333333332,
            1.5083333333333333,
            1.538,
            1.5366666666666666,
            1.5293333333333334,
            1.5513333333333332,
            1.5303333333333333,
            1.506,
            1.541,
            1.528,
            1.5056666666666667,
            1.575,
            1.5426666666666666,
            1.512,
            1.5246666666666666,
            1.5533333333333332,
            1.534,
            1.519
        ]
    }
}