{
    "Length 1000, Time 0.5": {
        "avg_ns_per_site": 0.39924,
        "ns_per_site_list": [
            0.416,
            0.418,
            0.418,
            0.399,
            0.42,
            0.411,
            0.403,
            0.394,
            0.425,
            0.418,
            0.383,
            0.386,
            0.4,
            0.402,
            0.382,
            0.407,
            0.387,
            0.417,
            0.394,
            0.394,
            0.39,
            0.407,
            0.412,
            0.405,
            0.399,
            0.42,
            0.378,
            0.389,
            0.354,
            0.387,
            0.401,
            0.408,
            0.408,
            0.405,
            0.367,
            0.404,
            0.396,
            0.388,
            0.415,
            0.392,
            0.409,
            0.38,
            0.406,
            0.412,
            0.386,
            0.389,
            0.41,
            0.408,
            0.395,
            0.428,
            0.413,
            0.374,
            0.386,
            0.425,
            0.409,
            0.408,
            0.399,
            0.395,
            0.394,
            0.394,
            0.407,
            0.389,
            0.395,
            0.385,
            0.411,
            0.394,
            0.398,
            0.384,
            0.409,
            0.373,
            0.372,
            0.382,
            0.402,
            0.384,
            0.384,
            0.397,
            0.405,
            0.407,
            0.373,
            0.415,
            0.41,
            0.383,
            0.395,
            0.421,
            0.401,
            0.391,
            0.381,
            0.41,
            0.425,
            0.38,
            0.407,
            0.407,
            0.415,
            0.375,
            0.387,
            0.426,
            0.402,
            0.411,
            0.422,
            0.39
        ]
    },
    "Length 1000, Time 1": {
        "avg_ns_per_site": 0.66127,
        "ns_per_site_list": [
            0.669,
            0.676,
            0.642,
            0.642,
            0.639,
            0.679,
            0.677,
            0.665,
            0.681,
            0.659,
            0.67,
            0.68,
            0.677,
            0.665,
            0.637,
            0.687,
            0.685,
            0.685,
            0.678,
            0.636,
            0.677,
            0.658,
            0.674,
            0.654,
            0.674,
            0.644,
            0.651,
            0.671,
            0.647,
            0.677,
            0.672,
            0.666,
            0.642,
            0.681,
            0.661,
            0.675,
            0.624,
            0.681,
            0.669,
            0.649,
            0.645,
            0.666,
            0.664,
            0.663,
            0.631,
            0.66,
            0.667,
            0.654,
            0.65,
            0.655,
            0.651,
            0.622,
            0.684,
            0.651,
            0.695,
            0.641,
            0.677,
            0.669,
            0.644,
            0.665,
            0.677,
            0.67,
            0.638,
            0.671,
            0.664,
            0.686,
            0.675,
            0.678,
            0.634,
            0.643,
            0.66,
            0.66,
            0.673,
            0.672,
            0.686,
            0.643,
            0.633,
            0.657,
            0.664,
            0.632,
            0.621,
            0.649,
            0.632,
            0.707,
            0.641,
            0.642,
            0.68,
            0.667,
            0.675,
            0.612,
            0.707,
            0.671,
            0.669,
            0.657,
            0.632,
            0.669,
            0.652,
            0.665,
            0.7,
            0.633
        ]
    },
    "Length 1000, Time 2": {
        "avg_ns_per_site": 1.02188,
        "ns_per_site_list": [
            1.026,
            1.05,
            1.013,
            1.03,
            0.991,
            1.039,
            1.041,
            1.053,
            1.015,
            1.012,
            1.026,
            1.078,
            1.009,
            0.994,
            1.044,
            0.985,
            1.028,
            1.059,
            1.025,
            1.026,
            1.049,
            1.013,
            1.04,
            1.03,
            1.04,
            1.01,
            1.035,
            0.981,
            0.998,
            0.986,
            1.021,
            1.012,
            1.066,
            0.974,
            1.049,
            1.012,
            1.022,
            1.016,
            0.987,
            1.024,
            1.001,
            1.022,
            1.049,
            0.987,
            1.054,
            1.008,
            1.05,
            1.023,
            1.047,
            1.031,
            0.971,
            1.046,
            1.053,
            1.011,
            0.993,
            0.993,
            1.025,
            0.991,
            1.02,
            1.026,
            1.039,
            1.058,
            1.001,
            1.018,
            0.983,
            1.02,
            1.032,
            0.981,
            1.022,
            1.0,
            1.014,
            1.043,
            1.029,
            0.981,
            0.972,
            1.019,
            1.039,
            1.058,
            1.034,
            0.998,
            1.032,
            1.038,
            1.029,
            0.998,
            1.056,
            1.066,
            1.01,
            1.068,
            1.021,
            0.979,
            1.044,
            1.031,
            0.983,
            1.025,
            1.052,
            1.034,
            1.018,
            1.016,
            1.025,
            1.012
        ]
    },
    "Length 1000, Time 3": {
        "avg_ns_per_site": 1.28875,