{
    "Length 4000, Time 0.5": {
        "avg_ns_per_site": 0.398785,
        "ns_per_site_list": [
            0.40625,
            0.3875,
            0.391,
            0.39075,
            0.39325,
            0.406,
            0.3945,
            0.4065,
            0.38725,
            0.39725,
            0.40375,
            0.388,
            0.40275,
            0.406,
            0.403,
            0.40575,
            0.4025,
            0.38475,
            0.3895,
            0.3965,
            0.40075,
            0.392,
            0.39675,
            0.386,
            0.38525,
            0.40825,
            0.399,
            0.3985,
            0.40775,
            0.39625,
            0.386,
            0.38825,
            0.40325,
            0.411,
            0.403,
            0.39875,
            0.4015,
            0.4095,
            0.40425,
            0.399,
            0.40475,
            0.41575,
            0.40425,
            0.40125,
            0.404,
            0.3955,
            0.39875,
            0.39725,
            0.4015,
            0.3985
        ]
    },
    "Length 4000, Time 1": {
        "avg_ns_per_site": 0.66301,
        "ns_per_site_list": [
            0.64925,
            0.66725,
            0.6575,
            0.668,
            0.6545,
            0.6635,
            0.65775,
            0.6625,
            0.679,
            0.66275,
            0.6705,
            0.65925,
            0.63575,
            0.6735,
            0.65425,
            0.66825,
            0.658,
            0.6535,
            0.66575,
            0.66875,
            0.65275,
            0.65275,
            0.663,
            0.671,
            0.6625,
            0.6615,
            0.66375,
            0.646,
            0.676,
            0.665,
            0.677,
            0.6575,
            0.65675,
            0.67375,
            0.669,
            0.67075,
            0.6525,
            0.63875,
            0.663,
            0.66975,
            0.66075,
            0.652,
            0.67525,
            0.65875,
            0.66025,
            0.67375,
            0.665,
            0.67475,
            0.66725,
            0.69025
        ]
    },
    "Length 4000, Time 2": {
        "avg_ns_per_site": 1.025595,
        "ns_per_site_list": [
            1.0265,
            1.0275,
            1.02075,
            1.02325,
            1.02275,
            1.01875,
            1.02475,
            1.0315,
            1.04725,
            1.04425,
            1.0145,
            1.025,
            1.00675,
            1.0505,
            1.024,
            1.0075,
            1.0205,
            1.01825,
            1.03825,
            1.02075,
            1.02475,
            1.033,
            1.0345,
            1.02325,
            1.02275,
            1.008,
            1.0265,
            1.0405,
            1.0215,
            1.02525,
            1.02,
            1.011,
            1.016,
            1.03725,
            1.022,
            1.01425,
            1.0125,
            1.01675,
            1.02175,
            1.00575,
            1.02175,
            1.03425,
            1.044,
            1.0405,
            1.02175,
            1.03225,
            1.04075,
            1.02,
            1.03775,
            1.03625
        ]
    },
    "Length 4000, Time 3": {
        "avg_ns_per_site": 1.296335,
        "ns_per_site_list": [
            1.272,
            1.27325,
            1.31125,
            1.27825,
            1.30325,
            1.29925,
            1.2985,
            1.3025,
            1.27025,
            1.2895,
            1.29225,
            1.30925,
            1.2855,
            1.30675,
            1.313,
            1.30625,
            1.2755,
            1.299,
            1.2865,
            1.3035,
            1.3155,
            1.3095,
            1.284,
            1.3005,
            1.306,
            1.29625,
            1.28875,
            1.2965,
            1.29775,
            1.30175,
            1.293,
            1.31925,
            1.299,
            1.28775,
            1.3025,
            1.28075,
            1.28325,
            1.301,
            1.276,
            1.31725,
            1.316,
            1.30575,
            1.304,
            1.3005,
            1.309,
            1.2955,
            1.286,
            1.3145,
            1.275,
            1.27875
        ]
    }
}