{
    "0": {
        "ns_per_site_list": [
            1.686,
            1.749,
            1.717,
            1.79,
            1.708,
            1.817,
            1.764,
            1.738,
            1.758,
            1.78,
            1.781,
            1.699,
            1.758,
            1.788,
            1.711,
            1.748,
            1.75,
            1.774,
            1.791,
            1.829,
            1.839,
            1.789,
            1.773,
            1.732,
            1.73,
            1.828,
            1.751,
            1.879,
            1.776,
            1.677,
            1.772,
            1.662,
            1.769,
            1.795,
            1.816,
            1.778,
            1.804,
            1.789,
            1.741,
            1.756,
            1.764,
            1.699,
            1.714,
            1.882,
            1.768,
            1.767,
            1.763,
            1.773,
            1.741,
            1.739,
            1.787,
            1.796,
            1.71,
            1.65,
            1.765,
            1.765,
            1.798,
            1.87,
            1.729,
            1.72,
            1.854,
            1.854,
            1.682,
            1.74,
            1.8,
            1.808,
            1.867,
            1.841,
            1.82,
            1.791,
            1.842,
            1.812,
            1.79,
            1.816,
            1.742,
            1.759,
            1.728,
            1.77,
            1.76,
            1.751,
            1.733,
            1.787,
            1.817,
            1.823,
            1.806,
            1.696,
            1.811,
            1.763,
            1.677,
            1.753,
            1.734,
            1.762,
            1.728,
            1.819,
            1.828,
            1.788,
            1.747,
            1.794,
            1.659,
            1.766
        ],
        "avg_ns_per_site": 1.7691,
        "theoretical_value": 1.7694810187046963,
        "error": [
            -0.08348101870469637,
            -0.020481018704696208,
            -0.052481018704696236,
            0.020518981295303718,
            -0.061481018704696355,
            0.04751898129530363,
            -0.0054810187046963055,
            -0.03148101870469633,
            -0.01148101870469631,
            0.010518981295303709,
            0.011518981295303599,
            -0.07048101870469625,
            -0.01148101870469631,
            0.018518981295303716,
            -0.05848101870469624,
            -0.02148101870469632,
            -0.019481018704696318,
            0.004518981295303703,
            0.021518981295303607,
            0.05951898129530364,
            0.06951898129530365,
            0.019518981295303606,
            0.0035189812953035915,
            -0.037481018704696334,
            -0.039481018704696336,
            0.05851898129530375,
            -0.018481018704696428,
            0.10951898129530369,
            0.006518981295303705,
            -0.09248101870469627,
            0.0025189812953037016,
            -0.1074810187046964,
            -0.00048101870469641206,
            0.02551898129530361,
            0.04651898129530374,
            0.008518981295303707,
            0.03451898129530373,
            0.019518981295303606,
            -0.028481018704696215,
            -0.013481018704696313,
            -0.0054810187046963055,
            -0.07048101870469625,
            -0.05548101870469635,
            0.11251898129530358,
            -0.001481018704696302,
            -0.002481018704696414,
            -0.006481018704696417,
            0.0035189812953035915,
            -0.028481018704696215,
            -0.030481018704696217,
            0.017518981295303604,
            0.026518981295303723,
            -0.05948101870469635,
            -0.1194810187046964,
            -0.004481018704696416,
            -0.004481018704696416,
            0.028518981295303725,
            0.10051898129530379,
            -0.040481018704696226,
            -0.049481018704696345,
            0.08451898129530377,
            0.08451898129530377,
            -0.08748101870469638,
            -0.029481018704696327,
            0.030518981295303726,
            0.038518981295303734,
            0.09751898129530367,
            0.07151898129530365,
            0.050518981295303744,
            0.021518981295303607,
            0.07251898129530376,
            0.04251898129530374,
            0.020518981295303718,
            0.04651898129530374,
            -0.027481018704696325,
            -0.010481018704696421,
            -0.04148101870469634,
            0.0005189812953036999,
            -0.009481018704696309,
            -0.018481018704696428,
            -0.03648101870469622,
            0.017518981295303604,
            0.04751898129530363,
            0.053518981295303636,
            0.03651898129530373,
            -0.07348101870469637,
            0.041518981295303625,
            -0.006481018704696417,
            -0.09248101870469627,
            -0.016481018704696426,
            -0.03548101870469633,
            -0.007481018704696307,
            -0.04148101870469634,
            0.04951898129530363,
            0.05851898129530375,
            0.018518981295303716,
            -0.02248101870469621,
            0.02451898129530372,
            -0.11048101870469629,
            -0.0034810187046963037
        ],
        "p_value": 0.9384572506239536,
        "t_stat": -0.07740542503401819,
        "cv": 0.02768471846418365,
        "std": 0.04897703543498729
    },
    "1": {
        "ns_per_site_list": [
            1.741,
            1.766,
            1.849,
            1.755,
            1.835,
            1.733,
            1.77,
            1.77,
            1.683,
            1.813,
            1.758,
            1.776,
            1.802,
            1.72,
            1.706,
            1.794,
            1.736,
            1.757,
            1.726,
            1.745,
            1.655,
            1.765,
            1.825,
            1.686,
            1.749,
            1.874,
            1.796,
            1.747,
            1.694,
            1.725,
            1.792,
            1.716,
            1.745,
            1.713,
            1.738,
            1.787,
            1.796,
            1.815,
            1.783,
            1.837,
            1.76,
            1.775,
            1.79,
            1.772,
            1.75,
            1.76,
            1.758,
            1.689,
            1.795,
            1.79,
            1.745,
            1.747,
            1.762,
            1.725,
            1.753,
            1.694,
            1.847,
            1.775,
            1.724,
            1.751,
            1.791,
            1.781,
            1.743,
            1.802,
            1.721,
            1.775,
            1.769,
            1.819,
            1.697,
            1.775,
            1.694,
            1.772,
            1.781,
            1.768,
            1.677,
            1.748,
            1.791,
            1.724,
            1.795,
            1.74,
            1.754,
            1.752,
            1.745,
            1.845,
            1.741,
            1.774,
            1.803,
            1.798,
            1.834,
            1.681,
            1.72,
            1.751,
            1.761,
            1.785,
            1.709,
            1.815,
            1.767,
            1.74,
            1.743,
            1.732
        ],
        "avg_ns_per_site": 1.76048,
        "theoretical_value": 1.7628312768651169,