{
    "0": {
        "ns_per_site_list": [
            1.77,
            1.808,
            1.803,
            1.762,
            1.763,
            1.805,
            1.744,
            1.78,
            1.734,
            1.809,
            1.745,
            1.774,
            1.869,
            1.712,
            1.77,
            1.722,
            1.769,
            1.854,
            1.786,
            1.732,
            1.769,
            1.807,
            1.789,
            1.823,
            1.732,
            1.787,
            1.75,
            1.741,
            1.777,
            1.724,
            1.772,
            1.82,
            1.745,
            1.815,
            1.687,
            1.811,
            1.721,
            1.789,
            1.754,
            1.781,
            1.722,
            1.691,
            1.761,
            1.703,
            1.776,
            1.804,
            1.799,
            1.761,
            1.766,
            1.73,
            1.817,
            1.736,
            1.767,
            1.74,
            1.812,
            1.771,
            1.866,
            1.863,
            1.781,
            1.69,
            1.817,
            1.778,
            1.738,
            1.791,
            1.724,
            1.783,
            1.724,
            1.716,
            1.78,
            1.776,
            1.804,
            1.714,
            1.757,
            1.774,
            1.765,
            1.776,
            1.768,
            1.744,
            1.785,
            1.771,
            1.77,
            1.819,
            1.75,
            1.778,
            1.773,
            1.731,
            1.829,
            1.763,
            1.723,
            1.765,
            1.774,
            1.837,
            1.794,
            1.814,
            1.733,
            1.756,
            1.73,
            1.807,
            1.788,
            1.75
        ],
        "avg_ns_per_site": 1.7703,
        "theoretical_value": 1.7694810187046963,
        "error": [
            0.0005189812953036999,
            0.038518981295303734,
            0.03351898129530362,
            -0.007481018704696307,
            -0.006481018704696417,
            0.03551898129530362,
            -0.025481018704696323,
            0.010518981295303709,
            -0.03548101870469633,
            0.03951898129530362,
            -0.02448101870469621,
            0.004518981295303703,
            0.09951898129530368,
            -0.05748101870469635,
            0.0005189812953036999,
            -0.04748101870469634,
            -0.00048101870469641206,
            0.08451898129530377,
            0.016518981295303714,
            -0.037481018704696334,
            -0.00048101870469641206,
            0.03751898129530362,
            0.019518981295303606,
            0.053518981295303636,
            -0.037481018704696334,
            0.017518981295303604,
            -0.019481018704696318,
            -0.028481018704696215,
            0.007518981295303595,
            -0.04548101870469634,
            0.0025189812953037016,
            0.050518981295303744,
            -0.02448101870469621,
            0.04551898129530363,
            -0.08248101870469626,
            0.041518981295303625,
            -0.04848101870469623,
            0.019518981295303606,
            -0.015481018704696314,
            0.011518981295303599,
            -0.04748101870469634,
            -0.07848101870469626,
            -0.00848101870469642,
            -0.06648101870469625,
            0.006518981295303705,
            0.03451898129530373,
            0.029518981295303615,
            -0.00848101870469642,
            -0.0034810187046963037,
            -0.039481018704696336,
            0.04751898129530363,
            -0.03348101870469633,
            -0.002481018704696414,
            -0.029481018704696327,
            0.04251898129530374,
            0.0015189812953035897,
            0.09651898129530379,
            0.09351898129530367,
            0.011518981295303599,
            -0.07948101870469637,
            0.04751898129530363,
            0.008518981295303707,
            -0.03148101870469633,
            0.021518981295303607,
            -0.04548101870469634,
            0.0135189812953036,
            -0.04548101870469634,
            -0.05348101870469635,
            0.010518981295303709,
            0.006518981295303705,
            0.03451898129530373,
            -0.05548101870469635,
            -0.012481018704696423,
            0.004518981295303703,
            -0.004481018704696416,
            0.006518981295303705,
            -0.001481018704696302,
            -0.025481018704696323,
            0.015518981295303602,
            0.0015189812953035897,
            0.0005189812953036999,
            0.04951898129530363,
            -0.019481018704696318,
            0.008518981295303707,
            0.0035189812953035915,
            -0.038481018704696224,
            0.05951898129530364,
            -0.006481018704696417,
            -0.04648101870469623,
            -0.004481018704696416,
            0.004518981295303703,
            0.06751898129530365,
            0.02451898129530372,
            0.04451898129530374,
            -0.03648101870469622,
            -0.013481018704696313,
            -0.039481018704696336,
            0.03751898129530362,
            0.018518981295303716,
            -0.019481018704696318
        ],
        "p_value": 0.8311059416767986,
        "t_stat": 0.21384730708205066,
        "cv": 0.0215248892348149,
        "std": 0.038105511412392816
    },
    "1": {
        "ns_per_site_list": [
            1.709,
            1.731,
            1.726,
            1.703,
            1.835,
            1.774,
            1.676,
            1.771,
            1.76,
            1.773,
            1.812,
            1.711,
            1.727,
            1.735,
            1.794,
            1.81,
            1.82,
            1.755,
            1.763,
            1.772,
            1.752,
            1.795,
            1.779,
            1.766,
            1.782,
            1.809,
            1.782,
            1.706,
            1.744,
            1.755,
            1.716,
            1.759,
            1.706,
            1.771,
            1.727,
            1.744,
            1.83,
            1.799,
            1.806,
            1.736,
            1.812,
            1.808,
            1.785,
            1.759,
            1.728,
            1.763,
            1.776,
            1.713,
            1.719,
            1.704,
            1.731,
            1.724,
            1.766,
            1.695,
            1.83,
            1.758,
            1.806,
            1.749,
            1.768,
            1.861,
            1.681,
            1.718,
            1.776,
            1.845,
            1.688,
            1.713,
            1.735,
            1.836,
            1.832,
            1.731,
            1.773,
            1.792,
            1.783,
            1.765,
            1.773,
            1.784,
            1.828,
            1.683,
            1.81,
            1.772,
            1.741,
            1.741,
            1.718,
            1.771,
            1.778,
            1.858,
            1.769,
            1.797,
            1.714,
            1.811,
            1.726,
            1.742,
            1.721,
            1.829,
            1.789,
            1.802,
            1.791,
            1.678,
            1.765,
            1.755
        ],
        "avg_ns_per_site": 1.7629000000000001,
        "theoretical_value": 1.7628312768651169,