{
    "0": {
        "ns_per_site_list": [
            1.682,
            1.741,
            1.77,
            1.774,
            1.813,
            1.72,
            1.804,
            1.745,
            1.834,
            1.739,
            1.695,
            1.724,
            1.735,
            1.732,
            1.812,
            1.763,
            1.723,
            1.782,
            1.845,
            1.677,
            1.776,
            1.859,
            1.744,
            1.773,
            1.755,
            1.734,
            1.708,
            1.786,
            1.77,
            1.806,
            1.714,
            1.806,
            1.836,
            1.794,
            1.806,
            1.749,
            1.804,
            1.706,
            1.807,
            1.737,
            1.694,
            1.796,
            1.72,
            1.734,
            1.802,
            1.755,
            1.783,
            1.706,
            1.742,
            1.713,
            1.838,
            1.751,
            1.816,
            1.829,
            1.733,
            1.755,
            1.775,
            1.742,
            1.821,
            1.762,
            1.74,
            1.74,
            1.744,
            1.746,
            1.793,
            1.735,
            1.752,
            1.834,
            1.758,
            1.783,
            1.795,
            1.802,
            1.818,
            1.81,
            1.738,
            1.729,
            1.777,
            1.705,
            1.721,
            1.734,
            1.773,
            1.762,
            1.725,
            1.76,
            1.727,
            1.82,
            1.767,
            1.859,
            1.837,
            1.824,
            1.709,
            1.756,
            1.766,
            1.764,
            1.711,
            1.762,
            1.796,
            1.7,
            1.745,
            1.766
        ],
        "avg_ns_per_site": 1.7643,
        "theoretical_value": 1.7694810187046963,
        "error": [
            -0.08748101870469638,
            -0.028481018704696215,
            0.0005189812953036999,
            0.004518981295303703,
            0.04351898129530363,
            -0.049481018704696345,
            0.03451898129530373,
            -0.02448101870469621,
            0.06451898129530376,
            -0.030481018704696217,
            -0.07448101870469626,
            -0.04548101870469634,
            -0.03448101870469622,
            -0.037481018704696334,
            0.04251898129530374,
            -0.006481018704696417,
            -0.04648101870469623,
            0.01251898129530371,
            0.07551898129530366,
            -0.09248101870469627,
            0.006518981295303705,
            0.08951898129530367,
            -0.025481018704696323,
            0.0035189812953035915,
            -0.014481018704696424,
            -0.03548101870469633,
            -0.061481018704696355,
            0.016518981295303714,
            0.0005189812953036999,
            0.03651898129530373,
            -0.05548101870469635,
            0.03651898129530373,
            0.06651898129530376,
            0.02451898129530372,
            0.03651898129530373,
            -0.020481018704696208,
            0.03451898129530373,
            -0.06348101870469636,
            0.03751898129530362,
            -0.03248101870469622,
            -0.07548101870469637,
            0.026518981295303723,
            -0.049481018704696345,
            -0.03548101870469633,
            0.03251898129530373,
            -0.014481018704696424,
            0.0135189812953036,
            -0.06348101870469636,
            -0.027481018704696325,
            -0.05648101870469624,
            0.06851898129530376,
            -0.018481018704696428,
            0.04651898129530374,
            0.05951898129530364,
            -0.03648101870469622,
            -0.014481018704696424,
            0.005518981295303593,
            -0.027481018704696325,
            0.051518981295303634,
            -0.007481018704696307,
            -0.029481018704696327,
            -0.029481018704696327,
            -0.025481018704696323,
            -0.02348101870469632,
            0.02351898129530361,
            -0.03448101870469622,
            -0.017481018704696316,
            0.06451898129530376,
            -0.01148101870469631,
            0.0135189812953036,
            0.02551898129530361,
            0.03251898129530373,
            0.04851898129530374,
            0.040518981295303735,
            -0.03148101870469633,
            -0.040481018704696226,
            0.007518981295303595,
            -0.06448101870469625,
            -0.04848101870469623,
            -0.03548101870469633,
            0.0035189812953035915,
            -0.007481018704696307,
            -0.04448101870469623,
            -0.009481018704696309,
            -0.04248101870469623,
            0.050518981295303744,
            -0.002481018704696414,
            0.08951898129530367,
            0.06751898129530365,
            0.05451898129530375,
            -0.06048101870469624,
            -0.013481018704696313,
            -0.0034810187046963037,
            -0.0054810187046963055,
            -0.05848101870469624,
            -0.007481018704696307,
            0.026518981295303723,
            -0.06948101870469636,
            -0.02448101870469621,
            -0.0034810187046963037
        ],
        "p_value": 0.22282633412212238,
        "t_stat": -1.2267493954967617,
        "cv": 0.023817955017948537,
        "std": 0.0420220180381666
    },
    "1": {
        "ns_per_site_list": [
            1.781,
            1.753,
            1.821,
            1.757,
            1.784,
            1.72,
            1.802,
            1.733,
            1.753,
            1.727,
            1.769,
            1.787,
            1.804,
            1.776,
            1.785,
            1.668,
            1.7,
            1.743,
            1.761,
            1.693,
            1.845,
            1.762,
            1.761,
            1.744,
            1.809,
            1.717,
            1.821,
            1.738,
            1.704,
            1.721,
            1.739,
            1.786,
            1.763,
            1.714,
            1.827,
            1.729,
            1.756,
            1.807,
            1.778,
            1.78,
            1.775,
            1.737,
            1.744,
            1.759,
            1.782,
            1.802,
            1.782,
            1.674,
            1.683,
            1.706,
            1.759,
            1.707,
            1.775,
            1.785,
            1.713,
            1.76,
            1.764,
            1.764,
            1.827,
            1.719,
            1.808,
            1.709,
            1.746,
            1.653,
            1.713,
            1.802,
            1.738,
            1.762,
            1.822,
            1.701,
            1.765,
            1.82,
            1.743,
            1.842,
            1.698,
            1.712,
            1.668,
            1.723,
            1.775,
            1.801,
            1.712,
            1.767,
            1.729,
            1.716,
            1.794,
            1.752,
            1.799,
            1.755,
            1.781,
            1.744,
            1.736,
            1.83,
            1.788,
            1.786,
            1.794,
            1.741,
            1.782,
            1.799,
            1.704,
            1.77
        ],
        "avg_ns_per_site": 1.75715,
        "theoretical_value": 1.7628312768651169,